MARCA TEMPORAL;PAÍS;UNIVERSIDAD;OTRA UNIVERSIDAD;GENERO UNIVERSIDAD;LA PANDEMIA EXTENDIÓ MIS HORAS DE TRABAJO;DURANTE LA PANDEMIA MODIFIQUÉ LAS RUTINAS (INTERACCIÓN, ATENCIÓN, REUNIONES), DENTRO DE MI TRABAJO;LA CONCENTRACIÓN O ATENCIÓN EN EL TRABAJO FUERON ALTERADOS POR LA PANDEMIA.;HA PRESENTADO DIFICULTADES EN LAS RELACIONES LABORALES CON SU SUPERIOR DURANTE LA PANDEMIA;¿CONSIDERA QUE LA INTERACCIÓN VIRTUAL CON SUS JEFES, PUEDE CONTRIBUIR A SU SALUD MENTAL?.;¿ESTÁ DE ACUERDO EN QUE LOS SENTIMIENTOS (AFECTOS, EMOCIONES) FUERON ALTERADOS POR LA PANDEMIA?;CONSIDERO QUE EL EQUILIBRIO MENTAL, CONTRIBUYE AL RENDIMIENTO LABORAL. *;HE TENIDO QUE INTERACTUAR DURANTE LA PANDEMIA, CON PERSONAS QUE PRESENTAN FACTORES DE RIESGO MENTAL.;¿CONSIDERA QUE LOS PROCESOS DE PREVENCIÓN, DISMINUYEN EL NÚMERO DE CASOS DE ALTERACIONES MENTALES DURANTE LA PANDEMIA?;HE VISTO UN AVANCE SIGNIFICATIVO DURANTE LA PANDEMIA EN LOS TEMAS DE SALUD MENTAL, COMO UNA PRIORIDAD GLOBAL;HE USADO ESTRATEGIAS DE AUTOCUIDADO MENTAL (MEDITACIÓN, ACTIVIDAD FÍSICA, ETC), PORQUE CONSIDERO QUE CONTRIBUYEN A LA SALUD MENTAL. *;CONTESTE LA SIGUIENTE PREGUNTA, SOLO SI USTED HA TENIDO UNA ALTERACIÓN EN SU SALUD MENTAL DURANTE LA PANDEMIA Y PUDO HABLAR/COMPARTIR LO QUE LE PASABA(AFECTOS EMOCIONES), CON SUS PARES O SUPERIORES.  ¿EL APOYO EMOCIONAL RECIBIDO DURANTE LA PANDEMIA (POR PARES O SUPERIORES), LE PERMITIÓ MANEJAR SU SALUD MENTAL?
2021-06-10 15:23:24.631698;ECUADOR;UNIVERSIDAD ESTATAL DE MILAGRO;;MASCULINO;5;5;5;5;5;5;4;4;4;4;4;4
2021-06-15 15:10:36.902467;ARGENTINA;UNIVERSIDAD TECNOLOGICA NACIONAL;;FEMENINO;5;5;5;1;1;4;5;1;1;4;5;5
2021-06-15 05:43:50.202107;ARGENTINA;UNIVERSIDAD DE BUENOS AIRES;;MASCULINO;4;4;3;2;3;3;5;4;4;1;3;1
2021-06-15 08:55:40.381648;ARGENTINA;UNIVERSIDAD DE LA CUENCA DEL PLATA;;FEMENINO;5;5;5;4;5;5;5;1;5;2;4;3
2021-06-15 11:26:07.441763;ARGENTINA;UNIVERSIDAD DEL NORTE SANTO TOMÁS DE AQUINO;;MASCULINO;5;5;3;4;3;3;5;4;3;5;1;3
2021-06-15 16:09:55.512667;ARGENTINA;UNIVERSIDAD NACIONAL DE LUJAN;;MASCULINO;4;4;4;3;3;5;5;2;4;3;4;1
2021-06-15 16:39:59.527815;ARGENTINA;UNIVERSIDAD NACIONAL DE LA PLATA;;MASCULINO;5;5;1;1;3;5;4;3;3;3;3;3
2021-06-15 13:18:57.375332;ARGENTINA;UNIVERSIDAD NACIONAL DE LA PATAGONIA SAN JUAN BOSCO;;FEMENINO;5;5;4;5;4;5;5;3;5;4;4;4
2021-06-15 13:20:02.315795;ARGENTINA;UNIVERSIDAD NACIONAL DE RIO NEGRO;;FEMENINO;5;5;5;2;3;5;4;4;3;3;4;3
2021-06-15 13:20:04.700841;ARGENTINA;UNIVERSIDAD NACIONAL DE RIO NEGRO;;FEMENINO;4;5;2;1;5;5;5;4;4;4;3;3
2021-06-15 13:20:44.936440;ARGENTINA;UNIVERSIDAD NACIONAL DE RIO NEGRO;;FEMENINO;5;5;4;1;5;5;5;3;4;4;4;5
2021-06-15 16:28:50.381070;ARGENTINA;UNIVERSIDAD TECNOLOGICA NACIONAL;;FEMENINO;1;4;4;2;4;4;5;3;5;4;5;3
2021-06-15 13:23:29.436249;ARGENTINA;UNIVERSIDAD NACIONAL DE RIO NEGRO;;MASCULINO;4;4;4;5;2;5;5;5;4;4;4;2
2021-06-15 16:59:43.292360;ARGENTINA;UNIVERSIDAD CATÓLICA DE SANTIAGO DEL ESTERO;;FEMENINO;5;5;2;2;4;5;5;2;4;3;1;2
2021-06-15 13:27:06.767917;ARGENTINA;UNIVERSIDAD NACIONAL DE RIO NEGRO;;FEMENINO;4;3;3;2;4;4;5;1;5;3;5;3
2021-06-15 13:32:00.210440;ARGENTINA;UNIVERSIDAD NACIONAL DE RIO NEGRO;;MASCULINO;4;4;4;4;4;4;5;3;2;2;2;2
2021-06-15 16:46:00.815086;ARGENTINA;UNIVERSIDAD NACIONAL DE LA PLATA;;MASCULINO;2;5;5;1;2;5;4;3;3;2;4;2
2021-06-15 13:43:54.986334;ARGENTINA;UNIVERSIDAD NACIONAL DE RIO NEGRO;;FEMENINO;4;4;5;5;4;4;4;3;3;4;5;3
2021-06-15 15:24:07.984085;ARGENTINA;UNIVERSIDAD NACIONAL DE RIO NEGRO;;FEMENINO;2;4;2;3;4;5;5;1;4;4;4;4
2021-06-15 13:53:34.849472;ARGENTINA;UNIVERSIDAD NACIONAL DE RIO NEGRO;;FEMENINO;5;5;5;1;3;5;5;1;4;4;5;4
2021-06-15 13:56:21.511467;ARGENTINA;UNIVERSIDAD NACIONAL DE RIO NEGRO;;FEMENINO;5;5;5;4;4;5;5;4;5;2;5;5
2021-06-15 17:16:43.386914;ARGENTINA;UNIVERSIDAD NACIONAL DE LA PLATA;;FEMENINO;4;4;2;3;3;4;4;3;4;3;4;3
2021-06-15 13:58:19.373226;ARGENTINA;UNIVERSIDAD NACIONAL DE RIO NEGRO;;FEMENINO;5;5;3;1;4;5;5;3;3;5;5;5
2021-06-15 13:58:24.600077;ARGENTINA;UNIVERSIDAD NACIONAL DE RIO NEGRO;;FEMENINO;5;2;1;1;1;4;5;4;5;3;5;4
2021-06-15 14:00:29.310209;ARGENTINA;UNIVERSIDAD NACIONAL DE RIO NEGRO;;MASCULINO;5;5;5;4;5;5;5;5;5;1;4;4
2021-06-15 14:13:08.467862;ARGENTINA;UNIVERSIDAD TECNOLOGICA NACIONAL;;MASCULINO;4;4;3;3;3;3;5;3;4;3;3;3
2021-06-15 14:15:20.957695;ARGENTINA;UNIVERSIDAD TECNOLOGICA NACIONAL;;FEMENINO;2;5;5;1;5;4;5;4;4;1;4;2
2021-06-15 14:25:42.993546;ARGENTINA;UNIVERSIDAD TECNOLOGICA NACIONAL;;FEMENINO;5;5;5;1;5;5;5;5;5;5;4;3
2021-06-15 14:35:06.844061;ARGENTINA;UNIVERSIDAD NACIONAL DE RIO NEGRO;;MASCULINO;5;5;5;5;4;4;5;5;4;3;5;5
2021-06-15 18:42:30.541333;ARGENTINA;UNIVERSIDAD TECNOLOGICA NACIONAL;;MASCULINO;3;4;2;1;3;4;3;1;4;4;4;3
2021-06-15 18:24:54.672180;ARGENTINA;UNIVERSIDAD TECNOLOGICA NACIONAL;;FEMENINO;5;5;3;2;4;4;4;4;4;4;5;3
2021-06-15 18:35:09.915786;ARGENTINA;UNIVERSIDAD NACIONAL DE RIO NEGRO;;FEMENINO;5;5;5;5;3;5;4;4;2;4;4;5
2021-06-15 18:55:17.631695;ARGENTINA;UNIVERSIDAD TECNOLOGICA NACIONAL;;FEMENINO;5;5;4;1;3;5;5;4;5;2;4;3
2021-06-15 18:59:04.056766;ARGENTINA;UNIVERSIDAD TECNOLOGICA NACIONAL;;FEMENINO;4;5;3;1;3;5;5;2;2;2;4;3
2021-06-15 19:12:32.875834;ARGENTINA;UNIVERSIDAD TECNOLOGICA NACIONAL;;FEMENINO;4;5;4;1;4;4;5;3;5;3;5;4
2021-06-15 19:22:10.464184;ARGENTINA;UNIVERSIDAD TECNOLOGICA NACIONAL;;FEMENINO;5;5;1;1;5;1;5;4;4;1;5;1
2021-06-15 19:36:10.950466;ARGENTINA;UNIVERSIDAD NACIONAL DE RIO NEGRO;;FEMENINO;4;4;4;1;2;4;4;1;3;3;3;3
2021-06-15 20:04:12.394104;ARGENTINA;UNIVERSIDAD NACIONAL DE RIO NEGRO;;MASCULINO;4;4;4;5;5;3;5;4;5;5;5;2
2021-06-15 20:36:44.203142;ARGENTINA;UNIVERSIDAD NACIONAL DE LA PLATA;;MASCULINO;3;5;4;1;3;4;4;3;5;4;4;3
2021-06-16 05:53:42.971832;ARGENTINA;UNIVERSIDAD NACIONAL DE RIO NEGRO;;MASCULINO;4;4;4;2;2;4;5;4;4;1;5;4
2021-06-16 06:01:31.217551;ARGENTINA;UNIVERSIDAD NACIONAL DE RIO NEGRO;;FEMENINO;4;4;4;4;4;5;5;4;3;3;5;1
2021-06-16 06:13:11.915210;ARGENTINA;UNIVERSIDAD NACIONAL DE RIO NEGRO;;MASCULINO;4;4;3;3;4;3;5;1;3;3;4;3
2021-06-16 06:24:08.508876;ARGENTINA;UNIVERSIDAD NACIONAL DEL SUR;;MASCULINO;4;5;4;1;3;5;5;4;4;4;3;3
2021-06-16 06:35:00.553870;ARGENTINA;UNIVERSIDAD TECNOLOGICA NACIONAL;;FEMENINO;5;5;2;1;2;3;5;5;4;3;5;1
2021-06-16 06:44:09.576702;ARGENTINA;UNIVERSIDAD NACIONAL DE RIO NEGRO;;FEMENINO;3;5;4;4;2;4;5;4;4;4;5;3
2021-06-15 22:17:00.849696;ARGENTINA;UNIVERSIDAD TECNOLOGICA NACIONAL;;MASCULINO;5;4;5;1;5;5;5;4;4;5;5;4
2021-06-15 22:56:54.537642;ARGENTINA;UNIVERSIDAD NACIONAL DE LA PLATA;;MASCULINO;5;5;4;1;1;4;5;3;3;3;3;3
2021-06-16 06:56:22.085311;ARGENTINA;UNIVERSIDAD NACIONAL DE RIO NEGRO;;FEMENINO;3;5;5;5;3;5;4;3;3;4;5;2
2021-06-16 07:02:06.926441;ARGENTINA;UNIVERSIDAD TECNOLOGICA NACIONAL;;FEMENINO;3;4;4;2;3;3;4;3;3;3;5;3
2021-06-16 07:04:36.614086;ARGENTINA;UNIVERSIDAD DE MENDOZA;;MASCULINO;4;3;3;2;4;4;4;3;3;3;4;3
2021-06-16 07:24:40.634690;ARGENTINA;UNIVERSIDAD NACIONAL DE RIO NEGRO;;FEMENINO;4;4;4;4;4;4;4;4;5;5;5;5
2021-06-16 07:25:33.333476;ARGENTINA;UNIVERSIDAD NACIONAL DE RIO NEGRO;;MASCULINO;3;4;3;4;3;4;4;4;4;2;4;1
2021-06-16 07:56:01.474336;ARGENTINA;UNIVERSIDAD NACIONAL DE RIO NEGRO;;MASCULINO;4;4;2;1;3;4;5;1;3;3;4;3
2021-06-16 08:03:40.063980;ARGENTINA;UNIVERSIDAD TECNOLOGICA NACIONAL;;FEMENINO;5;4;4;2;4;5;5;2;5;4;5;3
2021-06-16 08:04:39.741497;ARGENTINA;UNIVERSIDAD NACIONAL DE LA PLATA;;MASCULINO;5;5;4;2;3;5;5;3;5;2;4;2
2021-06-16 08:45:27.593434;ARGENTINA;UNIVERSIDAD NACIONAL DE RIO NEGRO;;MASCULINO;2;2;2;2;2;5;4;3;4;4;5;5
2021-06-16 08:46:34.083705;ARGENTINA;UNIVERSIDAD NACIONAL DE RIO NEGRO;;MASCULINO;5;5;4;3;3;5;5;5;4;5;5;3
2021-06-16 09:07:56.681910;ARGENTINA;UNIVERSIDAD NACIONAL DE LA PLATA;;MASCULINO;2;3;1;1;1;1;5;1;2;2;5;4
2021-06-16 09:08:53.049821;ARGENTINA;UNIVERSIDAD NACIONAL DEL LITORAL;;FEMENINO;4;5;4;2;3;4;5;3;4;3;4;4
2021-06-16 09:17:58.362466;ARGENTINA;UNIVERSIDAD NACIONAL DE RIO NEGRO;;FEMENINO;5;5;5;3;2;5;5;4;3;2;4;2
2021-06-16 09:32:04.439356;ARGENTINA;UNIVERSIDAD NACIONAL DEL LITORAL;;FEMENINO;5;5;4;5;2;5;5;2;4;4;5;2
2021-06-16 11:01:22.936214;ARGENTINA;UNIVERSIDAD NACIONAL DE RIO NEGRO;;FEMENINO;1;5;1;1;3;5;5;1;5;5;5;3
2021-06-18 08:27:20.765351;ARGENTINA;UNIVERSIDAD TECNOLOGICA NACIONAL;;FEMENINO;4;5;5;1;3;4;3;1;2;3;5;2
2021-06-16 11:22:59.108735;ARGENTINA;UNIVERSIDAD TECNOLOGICA NACIONAL;;MASCULINO;5;5;5;3;1;5;5;5;4;5;5;1
2021-06-16 13:27:05.254064;ARGENTINA;UNIVERSIDAD TECNOLOGICA NACIONAL;;FEMENINO;5;5;4;2;2;4;4;3;4;4;4;2
2021-06-16 13:31:30.530829;ARGENTINA;UNIVERSIDAD NACIONAL DE LA PATAGONIA SAN JUAN BOSCO;;MASCULINO;5;4;5;3;3;5;5;3;3;5;5;3
2021-06-16 14:21:11.788866;ARGENTINA;UNIVERSIDAD TECNOLOGICA NACIONAL;;FEMENINO;3;3;4;2;3;4;4;2;4;3;4;4
2021-06-16 14:21:29.326164;ARGENTINA;UNIVERSIDAD NACIONAL DE LA PLATA;;FEMENINO;4;4;4;1;3;4;4;3;4;3;3;3
2021-06-16 15:27:47.743581;COLOMBIA;;UNIVERSIDAD LIBRE DE COLOMBIA;MASCULINO;5;5;5;5;5;5;5;5;5;1;5;5
2021-06-17 06:38:09.958160;ARGENTINA;UNIVERSIDAD NACIONAL DE RIO NEGRO;;FEMENINO;4;4;4;1;5;5;5;1;5;2;2;4
2021-06-17 06:46:36.080944;ARGENTINA;UNIVERSIDAD TECNOLOGICA NACIONAL;;MASCULINO;5;5;4;1;4;5;4;1;2;4;4;4
2021-06-17 06:51:13.251172;ARGENTINA;UNIVERSIDAD NACIONAL DEL CENTRO DE LA PROVINCIA DE BUENOS AIRES;;FEMENINO;5;5;4;2;3;5;5;3;4;2;5;3
2021-06-16 16:44:19.631943;ARGENTINA;UNIVERSIDAD NACIONAL DEL CENTRO DE LA PROVINCIA DE BUENOS AIRES;;FEMENINO;5;4;5;3;5;5;5;3;3;5;5;1
2021-06-16 16:44:19.810184;ARGENTINA;UNIVERSIDAD NACIONAL DEL CENTRO DE LA PROVINCIA DE BUENOS AIRES;;FEMENINO;5;5;5;1;2;5;5;2;5;1;5;2
2021-06-16 16:53:31.522354;ARGENTINA;UNIVERSIDAD NACIONAL DEL CENTRO DE LA PROVINCIA DE BUENOS AIRES;;MASCULINO;5;5;5;1;1;1;5;1;5;3;5;3
2021-06-16 18:04:09.670253;COLOMBIA;;UNIVERSIDAD LIBRE DE COLOMBIA;FEMENINO;5;4;4;5;4;4;4;2;3;3;4;3
2021-06-16 20:08:17.765695;ARGENTINA;UNIVERSIDAD TECNOLOGICA NACIONAL;;MASCULINO;4;3;4;3;4;5;5;4;4;2;4;3
2021-06-16 20:16:17.038264;ARGENTINA;UNIVERSIDAD NACIONAL DEL CENTRO DE LA PROVINCIA DE BUENOS AIRES;;FEMENINO;5;5;5;5;4;5;5;5;5;2;4;2
2021-06-16 20:45:52.086628;COLOMBIA;UNIVERSIDAD LIBRE DE BERLIN;;FEMENINO;4;5;4;1;3;4;5;4;4;5;5;5
2021-06-16 20:52:10.611441;COLOMBIA;;UNIVERSIDAD LIBRE;FEMENINO;4;4;4;1;4;4;4;4;4;5;4;4
2021-06-17 07:11:20.496390;ARGENTINA;UNIVERSIDAD NACIONAL DEL CENTRO DE LA PROVINCIA DE BUENOS AIRES;;FEMENINO;4;5;5;2;5;5;5;1;4;2;5;1
2021-06-17 08:12:08.682885;ARGENTINA;UNIVERSIDAD NACIONAL DEL CENTRO DE LA PROVINCIA DE BUENOS AIRES;;FEMENINO;4;5;5;4;4;5;5;4;5;2;4;2
2021-06-17 09:28:01.551250;ARGENTINA;UNIVERSIDAD NACIONAL DE CUYO;;MASCULINO;5;5;5;1;3;5;5;4;5;5;5;4
2021-06-18 08:52:18.074037;ARGENTINA;UNIVERSIDAD NACIONAL DEL CENTRO DE LA PROVINCIA DE BUENOS AIRES;;FEMENINO;2;4;5;2;4;4;5;1;5;1;4;1
2021-06-17 10:52:08.555541;ARGENTINA;UNIVERSIDAD NACIONAL DE LA PATAGONIA SAN JUAN BOSCO;;FEMENINO;5;5;4;4;2;5;5;2;1;1;4;4
2021-06-17 11:10:01.269378;ARGENTINA;UNIVERSIDAD NACIONAL DEL LITORAL;;MASCULINO;2;1;1;1;5;1;5;1;5;4;5;5
2021-06-17 12:59:59.475662;ARGENTINA;UNIVERSIDAD TECNOLOGICA NACIONAL;;FEMENINO;2;2;4;3;3;5;5;3;4;4;5;4
2021-06-17 14:30:14.275136;ARGENTINA;UNIVERSIDAD TECNOLOGICA NACIONAL;;FEMENINO;5;5;5;5;5;5;5;4;5;4;5;4
2021-06-17 14:31:28.575028;ARGENTINA;UNIVERSIDAD TECNOLOGICA NACIONAL;;MASCULINO;4;4;4;2;2;2;4;3;3;3;2;3
2021-06-17 14:44:43.367562;ARGENTINA;UNIVERSIDAD TECNOLOGICA NACIONAL;;MASCULINO;5;5;5;2;4;5;5;1;1;1;5;4
2021-06-17 14:45:47.299401;ARGENTINA;UNIVERSIDAD DE MENDOZA;;FEMENINO;4;4;2;1;3;5;5;4;4;4;5;3
2021-06-17 16:45:07.992538;ARGENTINA;UNIVERSIDAD TECNOLOGICA NACIONAL;;MASCULINO;3;4;3;3;1;4;4;4;3;1;2;1
2021-06-17 16:48:06.800648;ARGENTINA;UNIVERSIDAD TECNOLOGICA NACIONAL;;FEMENINO;4;4;4;1;3;2;4;1;3;3;4;3
2021-06-17 17:04:57.652591;ARGENTINA;UNIVERSIDAD TECNOLOGICA NACIONAL;;MASCULINO;5;4;5;4;1;4;5;2;5;4;2;2
2021-06-17 17:09:53.154305;ARGENTINA;UNIVERSIDAD TECNOLOGICA NACIONAL;;MASCULINO;5;4;5;4;4;5;3;1;5;4;3;4
2021-06-17 17:27:25.082118;ARGENTINA;UNIVERSIDAD FASTA;;FEMENINO;3;4;4;1;1;3;5;3;5;1;4;3
2021-06-17 17:41:51.125955;ARGENTINA;UNIVERSIDAD TECNOLOGICA NACIONAL;;MASCULINO;5;4;5;3;5;5;5;3;4;4;5;4
2021-06-17 19:53:27.271959;ARGENTINA;;RALNU;MASCULINO;4;3;3;2;3;3;3;1;3;3;3;3
2021-06-17 22:03:13.308027;ARGENTINA;UNIVERSIDAD TECNOLOGICA NACIONAL;;FEMENINO;4;4;4;2;4;4;4;4;4;2;4;4
2021-06-17 23:49:58.162503;ARGENTINA;UNIVERSIDAD TECNOLOGICA NACIONAL;;FEMENINO;3;4;3;1;1;4;4;1;1;1;4;3
2021-06-18 07:08:02.524611;ARGENTINA;UNIVERSIDAD FASTA;;FEMENINO;4;5;2;3;4;5;4;1;2;4;4;2
2021-06-18 07:45:09.618686;ARGENTINA;UNIVERSIDAD NACIONAL DEL CENTRO DE LA PROVINCIA DE BUENOS AIRES;;FEMENINO;4;5;4;3;3;4;5;4;4;4;4;3
2021-06-18 08:07:05.820144;ARGENTINA;UNIVERSIDAD FASTA;;FEMENINO;4;4;2;1;4;5;5;1;2;4;4;3
2021-06-18 09:51:56.798794;ARGENTINA;UNIVERSIDAD NACIONAL DE LA PATAGONIA SAN JUAN BOSCO;;FEMENINO;4;4;5;2;2;5;5;4;5;4;5;2
2021-06-18 10:07:13.354817;PARAGUAY;;UNIVERSIDAD NACIONAL DE ASUNCION FACULTAD DE INGENIERIA;MASCULINO;5;5;5;3;2;5;4;3;2;1;4;1
2021-06-18 11:57:31.306989;PARAGUAY;;UNIVERSIDAD NACIONAL DE ASUNCIÓN;FEMENINO;5;5;4;3;5;5;5;5;4;4;3;1
2021-06-18 13:09:28.059909;COLOMBIA;;UNIVERSIDAD LIBRE DE COLOMBIA;FEMENINO;5;5;4;3;5;5;4;1;3;1;4;3
2021-06-18 13:26:42.858417;PARAGUAY;;UNIVERSIDAD NACIONAL DE ASUNCION;FEMENINO;5;5;5;2;3;5;5;3;4;4;2;4
2021-06-18 13:53:39.510081;ARGENTINA;;UNIVERSIDAD NACIONAL DE ROSARIO;FEMENINO;2;3;3;1;3;4;4;1;4;3;3;3
2021-06-18 14:01:37.475318;ARGENTINA;;UNIVERSIDAD NACIONAL DE ROSARIO;MASCULINO;2;5;4;2;3;5;4;2;4;4;4;3
2021-06-18 16:22:31.067617;ARGENTINA;UNIVERSIDAD NACIONAL DE CATAMARCA;;FEMENINO;2;4;5;1;3;5;5;2;2;2;4;3
2021-06-18 16:59:38.123890;PARAGUAY;;UNIVERSIDAD NACIONAL DE ASUNCIÓN;MASCULINO;5;5;5;5;5;5;5;5;5;5;5;5
2021-06-18 17:00:19.183291;PARAGUAY;;UNIVERSIDAD NACIONAL DE ASUNCIÓN ;MASCULINO;4;4;2;3;4;4;4;2;4;2;4;3
2021-06-18 17:08:05.401380;PARAGUAY;;UNIVERSIDAD NACIONAL DE ASUNCION ;FEMENINO;2;4;2;2;4;5;5;2;2;2;4;3
2021-06-18 17:17:38.617682;PARAGUAY;;UNIVERSIDAD NACIONAL DE ASUNCIÓN ;MASCULINO;4;1;1;1;1;1;1;1;1;1;1;1
2021-06-18 17:18:25.156411;PARAGUAY;;NINGUNA;MASCULINO;2;4;5;2;1;4;5;2;2;2;5;2
2021-06-18 17:18:28.269436;PARAGUAY;;UNIVERSIDAD NACIONAL DE ASUNCIÓN ;FEMENINO;5;4;4;3;3;4;5;4;5;2;2;1
2021-06-18 17:30:38.095513;ARGENTINA;UNIVERSIDAD NACIONAL DEL CENTRO DE LA PROVINCIA DE BUENOS AIRES;;FEMENINO;5;5;5;1;4;4;5;1;2;4;5;4
2021-06-18 17:32:40.583214;PARAGUAY;;UNIVERSIDAD NACIONAL DE ASUNCIÓN;MASCULINO;5;5;5;5;5;5;5;5;2;4;5;2
2021-06-18 17:42:06.685194;PARAGUAY;;UNIVERSIDAD NACIONAL DE ASUNCIÓN ;MASCULINO;1;3;3;2;2;3;3;1;3;2;3;1
2021-06-18 17:46:21.492897;PARAGUAY;;UNIVERSIDAD NACIONAL DE ASUNCION - FACULTAD DE INGENIERIA;FEMENINO;4;5;4;3;3;4;3;3;5;3;3;3
2021-06-18 18:06:11.080032;ARGENTINA;;UNIVERSIDAD NACIONAL  DE ROSARIO ;FEMENINO;4;4;5;4;2;5;4;3;4;4;5;2
2021-06-18 18:37:46.388559;PARAGUAY;;UNIVERSIDAD NACIONAL DE ASUNCIÓN, FACULTAD DE INGENIERIA;FEMENINO;4;4;4;2;4;4;4;4;2;2;4;1
2021-06-18 20:56:45.365330;ARGENTINA;;UNIVERSIDAD NACIONAL DE ROSARIO;FEMENINO;2;4;2;1;3;2;1;2;4;2;3;3
2021-06-18 21:21:07.159461;PARAGUAY;;FACULTAD DE INGENIERÍA UNA;FEMENINO;4;5;4;1;1;4;1;1;3;3;4;1
2021-06-18 21:53:24.215980;PARAGUAY;;UNIVERSIDAD NACIONAL DE ASUNCIÓN ;FEMENINO;5;5;3;4;3;4;4;1;5;4;4;4
2021-06-18 22:54:27.230233;PARAGUAY;;UNIVERSIDAD NACIONAL DE ASUNCIÓN ;FEMENINO;5;4;5;3;2;5;5;2;4;1;4;4
2021-06-19 03:38:15.307699;PARAGUAY;;UNIVERSIDAD  NACIONAL DE ASUNCION;FEMENINO;5;5;5;5;5;5;5;5;5;1;5;2
2021-06-19 06:17:56.681801;ARGENTINA;UNIVERSIDAD NACIONAL DE CATAMARCA;;MASCULINO;4;4;4;4;4;4;4;4;4;4;4;4
2021-06-19 08:44:46.364147;PARAGUAY;;FACULTAD DE INGENIERIA DE LA UNIVERSDAD NACIONAL DE ASUNCIÓN ;MASCULINO;4;5;4;2;2;5;5;5;5;4;2;2
2021-06-19 10:36:25.706663;PARAGUAY;;UNA, UNIVERSIDAD NACIONAL DE ASUNCION;MASCULINO;3;5;5;3;3;4;5;5;4;1;5;3
2021-06-20 20:24:36.868841;ARGENTINA;UNIVERSIDAD TECNOLOGICA NACIONAL;;FEMENINO;5;4;2;2;2;4;4;5;4;4;4;4
2021-06-21 04:55:13.435664;ARGENTINA;UNIVERSIDAD TECNOLOGICA NACIONAL;;FEMENINO;5;5;5;3;4;5;5;3;2;1;2;1
2021-06-21 09:07:08.803262;PARAGUAY;;UNIVERSIDAD NACIONAL DE ASUNCION;MASCULINO;2;5;3;3;3;4;4;4;2;2;4;5
2021-06-21 09:37:58.067129;ARGENTINA;;NINGUNA;MASCULINO;2;5;2;4;4;4;5;2;5;4;2;1
2021-06-21 09:46:18.429505;PARAGUAY;;NINGUNA;FEMENINO;5;5;5;2;2;2;5;3;1;2;5;3
2021-06-21 10:16:38.576636;ARGENTINA;UNIVERSIDAD TECNOLOGICA NACIONAL;;FEMENINO;4;5;5;3;4;3;5;3;3;2;4;3
2021-06-21 10:24:26.283813;ARGENTINA;;UNIVERSIDAD NACIONAL DE ROSARIO;MASCULINO;5;5;4;1;3;5;5;3;3;2;5;5
2021-06-21 14:58:31.504157;BRASIL;INSTITUTO FEDERAL DE EDUCACAO, CIENCIA E TECNOLOGIA DE SAO PAULO;;FEMENINO;5;5;4;1;3;4;4;4;4;4;4;3
2021-06-21 19:01:38.011046;ARGENTINA;UNIVERSIDAD NACIONAL DE CÓRDOBA;;FEMENINO;3;4;1;4;3;4;5;2;5;4;5;3
2021-06-21 19:41:33.906369;PARAGUAY;;UNIVERSIDAD NACIONAL DE ASUNCION;FEMENINO;4;4;4;5;4;4;5;1;4;4;4;1
2021-06-21 20:48:51.979514;ARGENTINA;UNIVERSIDAD NACIONAL DE CÓRDOBA;;FEMENINO;2;2;1;1;4;2;4;2;4;4;4;3
2021-06-22 06:02:56.737339;ARGENTINA;UNIVERSIDAD NACIONAL DE CÓRDOBA;;FEMENINO;3;4;5;1;2;5;5;1;3;5;5;3
2021-06-22 06:53:39.643476;ARGENTINA;;UNIVERSIDAD NACIONAL DE ROSA;FEMENINO;5;5;4;1;4;5;5;5;2;4;5;3
2021-06-22 07:11:04.609044;ARGENTINA;;UNIVERSIDAD NACIONAL DE ROSARIO;FEMENINO;4;5;5;1;2;5;5;3;3;1;3;1
2021-06-22 08:13:55.517091;PARAGUAY;;UNIVERSIDAD NACIONAL DE ASUNCION;FEMENINO;4;4;4;2;3;4;4;3;2;4;3;3
2021-06-22 09:23:58.510986;ARGENTINA;UNIVERSIDAD NACIONAL DE CUYO;;FEMENINO;4;5;4;4;2;5;5;4;5;3;5;3
2021-06-22 10:07:58.394584;COLOMBIA;UNIVERSIDAD PEDAGOGICA Y TECNOLOGICA DE COLOMBIA;;MASCULINO;5;5;4;3;3;4;5;3;4;4;5;3
2021-06-22 10:18:14.804898;COLOMBIA;CORPORACION UNIVERSITARIA AMERICANA;;MASCULINO;5;5;5;2;4;5;5;4;5;5;5;1
2021-06-22 10:23:17.565982;ARGENTINA;UNIVERSIDAD NACIONAL DE LA PATAGONIA SAN JUAN BOSCO;;MASCULINO;2;4;3;2;4;4;4;4;4;3;4;3
2021-06-22 10:28:40.133955;COLOMBIA;UNIVERSIDAD DE CARTAGENA;;FEMENINO;5;5;1;1;3;5;4;3;4;4;5;1
2021-06-22 10:29:44.280952;COLOMBIA;FUNDACION UNIVERSIDAD AUTONOMA DE COLOMBIA;;MASCULINO;5;5;5;1;5;5;5;4;5;1;5;5
2021-06-22 10:40:37.509856;COLOMBIA;UNIVERSIDAD DE CARTAGENA;;FEMENINO;4;4;4;4;3;5;5;3;4;3;4;3
2021-06-22 10:48:59.972649;COLOMBIA;FUNDACION UNIVERSIDAD AUTONOMA DE COLOMBIA;;MASCULINO;5;5;5;5;5;5;5;5;1;5;5;1
2021-06-22 10:56:15.731230;COLOMBIA;FUNDACION UNIVERSITARIA DEL AREA ANDINA;;MASCULINO;5;4;5;4;2;5;5;5;4;2;5;4
2021-06-22 10:58:16.123662;COLOMBIA;UNIVERSIDAD DE CARTAGENA;;MASCULINO;1;4;5;1;5;5;5;1;5;5;5;1
2021-06-22 11:05:07.963721;COLOMBIA;UNIVERSIDAD DE CARTAGENA;;FEMENINO;5;5;4;4;4;5;5;5;4;2;5;5
2021-06-22 11:13:08.579145;BRASIL;INSTITUTO FEDERAL DE EDUCACAO, CIENCIA E TECNOLOGIA DE SAO PAULO;;MASCULINO;5;5;4;1;3;5;4;4;3;1;2;3
2021-06-22 11:14:05.973583;BRASIL;;INSTITUTO FEDERAL DE EDUCAÇÃO, CIÊNCIA E TECNOLOGIA DE SÃO PAULO;FEMENINO;4;5;5;3;4;4;5;4;5;5;3;3
2021-06-22 11:28:28.180924;COLOMBIA;CORPORACION UNIVERSITARIA AMERICANA;;MASCULINO;5;5;4;3;3;4;5;4;4;4;4;3
2021-06-22 11:29:10.418020;BRASIL;INSTITUTO FEDERAL DE EDUCACAO, CIENCIA E TECNOLOGIA DE SAO PAULO;;FEMENINO;5;4;4;1;4;4;4;5;4;4;5;4
2021-06-22 11:33:05.706798;COLOMBIA;UNIVERSIDAD DE CARTAGENA;;MASCULINO;1;5;5;1;4;3;5;1;5;4;5;5
2021-06-22 11:43:35.238611;COLOMBIA;UNIVERSIDAD DE CARTAGENA;;MASCULINO;5;5;5;1;5;5;5;3;5;5;5;1
2021-06-22 11:49:54.701272;COLOMBIA;CORPORACION UNIVERSITARIA DEL HUILA;;MASCULINO;4;4;4;4;4;4;4;2;4;4;4;4
2021-06-22 12:51:52.729746;ARGENTINA;UNIVERSIDAD TECNOLOGICA NACIONAL;;FEMENINO;2;3;3;1;3;4;5;4;5;4;4;5
2021-06-22 12:56:03.353739;COLOMBIA;ESCUELA TECNOLOGICA INSTITUTO TECNICO CENTRAL;;FEMENINO;5;5;5;1;3;4;5;3;5;1;1;3
2021-06-22 13:46:29.292897;COLOMBIA;UNIVERSIDAD TECNOLOGICA DE BOLIVAR;;MASCULINO;5;5;4;2;4;5;5;5;4;2;5;3
2021-06-22 14:12:27.965762;COLOMBIA;UNIVERSIDAD DE CARTAGENA;;FEMENINO;2;4;2;1;4;1;4;2;4;4;5;3
2021-06-22 14:23:09.068993;COLOMBIA;UNIVERSIDAD DE CARTAGENA;;FEMENINO;4;4;1;1;4;4;5;1;5;3;5;1
2021-06-22 16:02:56.534762;PARAGUAY;;UNIVERSIDAD NACIONAL DE ASUNCIÓN;FEMENINO;4;5;3;3;4;4;5;4;4;5;4;3
2021-06-22 16:13:45.910575;COLOMBIA;UNIVERSIDAD TECNOLOGICA DE BOLIVAR;;FEMENINO;4;5;4;2;4;5;5;1;4;3;4;4
2021-06-22 16:28:38.834799;COLOMBIA;ESCUELA NAVAL DE CADETES ALMIRANTE PADILLA;;MASCULINO;3;3;4;2;5;2;5;1;5;2;5;5
2021-06-22 18:19:13.942822;COLOMBIA;UNIVERSIDAD DE CARTAGENA;;FEMENINO;4;4;3;1;4;3;5;2;5;3;5;4
2021-06-22 18:41:14.448672;COLOMBIA;UNIVERSIDAD PONTIFICIA BOLIVARIANA;;FEMENINO;5;5;2;1;5;4;4;2;4;5;4;3
2021-06-22 18:43:00.325201;COLOMBIA;UNIVERSIDAD PEDAGOGICA Y TECNOLOGICA DE COLOMBIA;;MASCULINO;2;5;2;2;4;3;5;1;4;4;4;1
2021-06-22 19:34:49.106234;COLOMBIA;UNIDAD CENTRAL DEL VALLE DEL CAUCA;;MASCULINO;5;5;3;1;3;4;5;4;4;3;4;3
2021-06-22 21:35:40.241091;ECUADOR;UNIVERSIDAD ESTATAL DE MILAGRO;;MASCULINO;5;5;3;1;5;5;5;1;4;3;1;1
2021-06-22 21:55:02.840223;ARGENTINA;UNIVERSIDAD FASTA;;FEMENINO;3;4;4;3;4;5;5;3;4;4;3;3
2021-06-23 07:00:22.658886;BRASIL;INSTITUTO FEDERAL DE EDUCACAO, CIENCIA E TECNOLOGIA DE SAO PAULO;;FEMENINO;5;5;5;2;4;5;4;2;4;1;2;4
2021-06-23 08:28:52.183345;ECUADOR;UNIVERSIDAD ESTATAL DE MILAGRO;;FEMENINO;5;5;5;3;5;5;5;1;1;5;5;1
2021-06-23 08:33:42.406908;ECUADOR;UNIVERSIDAD ESTATAL DE MILAGRO;;FEMENINO;4;4;4;1;3;4;4;4;4;3;3;4
2021-06-23 08:39:54.490577;ECUADOR;UNIVERSIDAD ESTATAL DE MILAGRO;;FEMENINO;5;5;5;2;4;5;5;2;4;4;5;4
2021-06-23 08:40:12.269331;ECUADOR;UNIVERSIDAD ESTATAL DE MILAGRO;;FEMENINO;5;5;5;2;4;5;5;2;4;4;4;4
2021-06-23 08:40:17.722521;ECUADOR;UNIVERSIDAD ESTATAL DE MILAGRO;;FEMENINO;5;5;5;2;4;5;5;2;4;4;4;4
2021-06-23 09:05:59.121244;ARGENTINA;UNIVERSIDAD NACIONAL DEL CENTRO DE LA PROVINCIA DE BUENOS AIRES;;FEMENINO;4;4;4;4;5;5;5;4;4;1;4;4
2021-06-23 09:09:18.374985;BRASIL;INSTITUTO FEDERAL DE EDUCACAO, CIENCIA E TECNOLOGIA DE SAO PAULO;;MASCULINO;1;5;5;5;1;5;5;5;3;2;4;1
2021-06-23 09:50:20.354936;ECUADOR;UNIVERSIDAD ESTATAL DE MILAGRO;;MASCULINO;5;4;3;3;3;3;4;3;3;3;3;3
2021-06-23 10:01:22.901341;COLOMBIA;UNIVERSIDAD DE ANTIOQUIA;;FEMENINO;3;5;4;1;5;5;5;5;4;4;5;5
2021-06-23 10:14:20.378278;ECUADOR;UNIVERSIDAD ESTATAL DE MILAGRO;;MASCULINO;4;4;2;1;2;4;3;2;2;2;2;2
2021-06-23 11:11:52.456184;BRASIL;UNIVERSIDADE FEDERAL DE ITAJUBA - UNIFEI;;MASCULINO;1;1;1;5;3;5;5;5;5;5;3;1
2021-06-23 11:24:55.692213;ECUADOR;UNIVERSIDAD ESTATAL DE MILAGRO;;FEMENINO;4;4;4;3;3;5;4;3;4;3;3;3
2021-06-23 11:25:17.193565;BRASIL;UNIVERSIDADE FEDERAL DE ITAJUBA - UNIFEI;;MASCULINO;4;4;4;4;4;3;5;2;4;3;4;2
2021-06-23 11:57:53.873386;BRASIL;UNIVERSIDADE FEDERAL DE ITAJUBA - UNIFEI;;MASCULINO;5;5;3;1;5;3;4;5;5;5;4;4
2021-06-23 15:33:10.418906;ARGENTINA;UNIVERSIDAD TECNOLOGICA NACIONAL;;FEMENINO;4;4;4;5;2;5;5;2;3;4;5;5
2021-06-23 11:59:13.870539;BRASIL;UNIVERSIDADE FEDERAL DE ITAJUBA - UNIFEI;;FEMENINO;3;5;4;1;3;4;5;3;3;4;4;3
2021-06-23 12:18:52.514973;BRASIL;UNIVERSIDADE FEDERAL DE ITAJUBA - UNIFEI;;FEMENINO;1;5;5;2;3;5;5;2;5;5;4;5
2021-06-23 12:24:45.131335;BRASIL;UNIVERSIDADE FEDERAL DE ITAJUBA - UNIFEI;;FEMENINO;4;5;5;1;3;5;5;4;4;4;4;4
2021-06-23 12:27:44.623742;BRASIL;UNIVERSIDADE FEDERAL DE ITAJUBA - UNIFEI;;MASCULINO;3;4;4;3;3;5;5;4;4;4;4;4
2021-06-23 15:42:48.834142;COLOMBIA;UNIVERSIDAD DE CARTAGENA;;FEMENINO;4;4;4;4;1;4;4;4;3;2;2;3
2021-06-23 12:28:10.664617;ECUADOR;UNIVERSIDAD ESTATAL DE MILAGRO;;MASCULINO;5;5;4;1;1;4;1;1;5;2;2;1
2021-06-23 12:47:53.290050;BRASIL;UNIVERSIDADE FEDERAL DE ITAJUBA - UNIFEI;;MASCULINO;3;5;4;1;5;5;5;5;5;1;5;1
2021-06-23 12:52:36.005616;BRASIL;UNIVERSIDADE FEDERAL DE ITAJUBA - UNIFEI;;MASCULINO;3;5;5;4;5;5;5;5;5;5;5;4
2021-06-23 13:17:51.215722;VENEZUELA;;UCC;MASCULINO;4;4;3;1;3;4;5;1;3;4;3;3
2021-06-23 13:35:57.123572;ARGENTINA;UNIVERSIDAD TECNOLOGICA NACIONAL;;FEMENINO;2;4;5;1;4;5;5;5;5;2;2;3
2021-06-23 13:36:03.488920;ARGENTINA;UNIVERSIDAD CATÓLICA DE CÓRDOBA;;FEMENINO;5;5;5;1;2;5;5;4;5;3;5;2
2021-06-23 13:41:46.565513;BRASIL;UNIVERSIDADE FEDERAL DE ITAJUBA - UNIFEI;;FEMENINO;3;5;5;4;4;4;5;4;3;3;3;4
2021-06-23 14:17:21.851357;ARGENTINA;UNIVERSIDAD TECNOLOGICA NACIONAL;;FEMENINO;5;4;3;2;4;4;4;5;3;4;5;4
2021-06-23 14:23:46.398529;COLOMBIA;CORPORACION UNIVERSITARIA DEL HUILA;;MASCULINO;5;5;2;1;3;4;5;4;4;3;1;3
2021-06-23 14:54:08.679492;ARGENTINA;UNIVERSIDAD CATÓLICA DE CÓRDOBA;;MASCULINO;5;5;5;3;2;5;5;3;4;4;5;3
2021-06-23 15:51:00.298014;ARGENTINA;UNIVERSIDAD TECNOLOGICA NACIONAL;;MASCULINO;3;5;4;2;3;4;5;3;4;4;4;3
2021-06-23 16:33:15.044116;ECUADOR;UNIVERSIDAD ESTATAL DE MILAGRO;;FEMENINO;5;5;5;2;3;4;5;2;5;4;5;5
2021-06-23 22:06:48.548560;ARGENTINA;UNIVERSIDAD TECNOLOGICA NACIONAL;;FEMENINO;4;4;4;2;4;4;5;4;4;3;5;3
2021-06-24 07:31:20.592645;BRASIL;UNIVERSIDADE FEDERAL DE ITAJUBA - UNIFEI;;FEMENINO;5;5;5;5;5;5;5;3;5;5;4;1
2021-06-24 07:55:47.601668;ARGENTINA;UNIVERSIDAD TECNOLOGICA NACIONAL;;FEMENINO;5;5;5;1;3;5;5;2;4;2;4;3
2021-06-24 08:33:41.856017;ARGENTINA;UNIVERSIDAD CATÓLICA DE CÓRDOBA;;FEMENINO;5;5;5;2;2;4;4;4;2;4;4;2
2021-06-24 08:39:11.329826;COLOMBIA;UNIVERSIDAD DE ANTIOQUIA;;FEMENINO;5;5;5;3;5;5;5;5;5;5;5;5
2021-06-24 08:47:26.379851;COLOMBIA;UNIVERSIDAD EIA;;MASCULINO;5;5;2;4;2;2;4;4;5;5;3;3
2021-06-24 08:58:42.242303;ARGENTINA;UNIVERSIDAD CATÓLICA DE CÓRDOBA;;FEMENINO;4;5;4;1;1;5;5;3;5;3;5;3
2021-06-24 09:28:09.931571;ARGENTINA;UNIVERSIDAD TECNOLOGICA NACIONAL;;FEMENINO;3;5;5;1;3;5;5;1;4;3;5;3
2021-06-24 10:12:59.366264;ECUADOR;UNIVERSIDAD ESTATAL DE MILAGRO;;FEMENINO;5;5;5;5;5;3;5;4;4;5;5;5
2021-06-24 11:25:35.090077;ECUADOR;UNIVERSIDAD ESTATAL DE MILAGRO;;FEMENINO;5;4;3;1;5;4;5;4;4;3;4;4
2021-06-24 15:18:14.836841;COLOMBIA;UNIVERSIDAD DE CARTAGENA;;FEMENINO;4;5;5;1;4;5;5;5;2;5;5;1
2021-06-24 15:33:52.148716;COLOMBIA;UNIVERSIDAD EL BOSQUE;;MASCULINO;5;5;5;3;5;5;5;4;3;5;5;5
2021-06-24 17:45:09.854826;COLOMBIA;UNIVERSIDAD DE CARTAGENA;;FEMENINO;5;5;5;1;5;5;5;4;5;1;2;2
2021-06-24 19:04:52.282642;ARGENTINA;UNIVERSIDAD NACIONAL DE CATAMARCA;;MASCULINO;2;4;4;2;2;4;4;2;4;2;4;5
2021-06-25 15:53:13.013193;ARGENTINA;UNIVERSIDAD TECNOLOGICA NACIONAL;;FEMENINO;5;5;4;3;4;5;4;2;4;3;4;3
2021-06-26 12:46:59.848512;COLOMBIA;UNIVERSIDAD EIA;;FEMENINO;5;5;3;2;5;5;5;4;1;1;4;2
2021-06-28 09:19:14.197069;COLOMBIA;UNIVERSIDAD DE SAN BUENAVENTURA;;FEMENINO;3;3;3;3;3;3;3;3;3;3;4;3
2021-06-28 17:06:11.148801;COLOMBIA;UNIVERSIDAD TECNOLOGICA DE BOLIVAR;;FEMENINO;4;3;4;1;2;5;4;2;4;1;2;1
2021-06-29 16:54:30.363501;BOLIVIA;UNIVERSIDAD DE SAN FRANCISCO XAVIER DE CHUQUISACA;;FEMENINO;2;1;4;2;3;5;5;1;5;5;5;2
2021-06-29 17:27:47.636780;BOLIVIA;UNIVERSIDAD DE SAN FRANCISCO XAVIER DE CHUQUISACA;;FEMENINO;4;1;4;4;1;5;4;2;4;2;3;3
2021-06-29 18:09:50.068503;BOLIVIA;UNIVERSIDAD DE SAN FRANCISCO XAVIER DE CHUQUISACA;;FEMENINO;4;5;5;5;5;5;5;5;5;2;4;2
2021-06-29 21:58:26.003443;BOLIVIA;UNIVERSIDAD DE SAN FRANCISCO XAVIER DE CHUQUISACA;;MASCULINO;2;4;4;3;2;4;4;3;4;3;4;2
2021-06-30 10:45:51.445877;COLOMBIA;FUNDACION UNIVERSITARIA SAN MATEO;;MASCULINO;5;5;5;2;4;4;5;4;4;2;4;
2021-06-30 11:21:28.773887;COLOMBIA;FUNDACION UNIVERSITARIA SAN MATEO;;FEMENINO;4;4;4;3;4;4;5;5;5;1;4;
2021-07-01 14:52:37.562755;COLOMBIA;UNIVERSIDAD DEL ATLANTICO;;FEMENINO;5;5;3;2;3;4;4;3;4;3;4;
2021-07-02 07:06:17.149701;BRASIL;CENTRO UNIVERSITARIO DO INSTITUTO MAUA DE TECNOLOGIA;;MASCULINO;2;4;4;3;3;4;4;3;4;4;5;
2021-07-02 07:09:01.581666;BRASIL;CENTRO UNIVERSITARIO DO INSTITUTO MAUA DE TECNOLOGIA;;FEMENINO;1;4;4;5;3;4;5;3;4;3;5;4
2021-07-02 08:24:35.435387;BRASIL;CENTRO UNIVERSITARIO DO INSTITUTO MAUA DE TECNOLOGIA;;FEMENINO;1;5;4;1;3;5;5;2;4;4;4;4
2021-07-02 08:48:11.737440;BRASIL;CENTRO UNIVERSITARIO DO INSTITUTO MAUA DE TECNOLOGIA;;FEMENINO;2;3;4;2;4;4;4;4;4;4;4;4
2021-07-02 08:48:17.586770;BRASIL;CENTRO UNIVERSITARIO DO INSTITUTO MAUA DE TECNOLOGIA;;FEMENINO;2;5;4;3;4;5;5;4;4;5;5;4
2021-07-02 08:52:11.654983;BRASIL;CENTRO UNIVERSITARIO DO INSTITUTO MAUA DE TECNOLOGIA;;FEMENINO;3;4;4;2;3;5;4;2;4;2;4;
2021-07-02 09:45:03.775736;BRASIL;CENTRO UNIVERSITARIO DO INSTITUTO MAUA DE TECNOLOGIA;;FEMENINO;2;5;5;1;5;5;5;3;5;2;2;
2021-07-02 10:15:27.654457;BRASIL;CENTRO UNIVERSITARIO BARAO DE MAUA;;MASCULINO;2;4;4;1;4;3;4;3;3;4;4;5
2021-07-02 10:33:40.443844;BRASIL;CENTRO UNIVERSITARIO DO INSTITUTO MAUA DE TECNOLOGIA;;MASCULINO;3;4;4;3;2;4;4;3;4;4;5;2
2021-07-02 11:38:31.270696;BRASIL;CENTRO UNIVERSITARIO DO INSTITUTO MAUA DE TECNOLOGIA;;FEMENINO;2;5;4;1;4;4;4;4;4;2;4;4
2021-07-02 12:01:42.242527;BRASIL;CENTRO UNIVERSITARIO DO INSTITUTO MAUA DE TECNOLOGIA;;MASCULINO;3;5;4;5;5;4;4;4;4;3;2;1
2021-07-02 12:35:37.080466;ARGENTINA;UNIVERSIDAD NACIONAL DEL SUR;;MASCULINO;4;4;4;2;2;5;5;2;4;3;5;3
2021-07-02 14:00:53.741503;COLOMBIA;UNIVERSIDAD DE CARTAGENA;;FEMENINO;5;5;4;1;4;4;4;1;5;1;5;1
2021-07-03 09:45:49.791700;BRASIL;CENTRO UNIVERSITARIO BARAO DE MAUA;;FEMENINO;1;5;5;1;3;5;5;5;5;5;5;5
2021-07-05 07:34:30.896964;BRASIL;CENTRO UNIVERSITARIO DO INSTITUTO MAUA DE TECNOLOGIA;;FEMENINO;2;4;2;2;4;4;4;2;3;2;4;3
2021-07-05 08:18:37.294733;BRASIL;;INSTITUO MAUA DE TECNOLOGIA;FEMENINO;3;3;3;3;5;5;3;2;5;5;5;5
2021-07-05 09:12:52.727163;BRASIL;CENTRO UNIVERSITARIO DO INSTITUTO MAUA DE TECNOLOGIA;;FEMENINO;4;3;2;3;3;5;4;4;4;1;5;
2021-07-05 09:16:08.395038;BRASIL;CENTRO UNIVERSITARIO DO INSTITUTO MAUA DE TECNOLOGIA;;FEMENINO;2;3;4;2;3;4;4;4;4;3;4;
2021-07-05 09:17:50.487629;BRASIL;CENTRO UNIVERSITARIO DO INSTITUTO MAUA DE TECNOLOGIA;;MASCULINO;1;3;3;3;4;4;5;2;4;3;4;2
2021-07-05 12:15:54.250596;BRASIL;CENTRO UNIVERSITARIO DO INSTITUTO MAUA DE TECNOLOGIA;;FEMENINO;2;4;2;2;3;5;4;2;4;5;4;2
2021-07-05 13:03:41.307739;BRASIL;;INSTITUTO MAUÁ DE TECNOLOGIA;MASCULINO;4;5;5;1;5;5;4;2;4;4;5;2
2021-07-06 07:24:05.616712;BRASIL;CENTRO UNIVERSITARIO DO INSTITUTO MAUA DE TECNOLOGIA;;FEMENINO;2;4;2;2;2;4;4;2;5;4;4;
2021-07-06 08:55:02.543691;BRASIL;CENTRO UNIVERSITARIO DO INSTITUTO MAUA DE TECNOLOGIA;;MASCULINO;1;4;3;2;3;5;4;4;4;3;4;4
2021-07-06 09:13:09.641356;BRASIL;CENTRO UNIVERSITARIO DO INSTITUTO MAUA DE TECNOLOGIA;;FEMENINO;4;4;1;1;4;5;5;1;3;2;5;
2021-07-06 10:14:25.694619;BRASIL;CENTRO UNIVERSITARIO DO INSTITUTO MAUA DE TECNOLOGIA;;MASCULINO;1;4;4;2;3;5;5;5;5;5;4;4
2021-07-06 10:16:09.495279;BRASIL;CENTRO UNIVERSITARIO DO INSTITUTO MAUA DE TECNOLOGIA;;MASCULINO;2;4;3;3;2;4;2;2;4;3;4;
2021-07-06 10:17:42.989108;BRASIL;CENTRO UNIVERSITARIO DO INSTITUTO MAUA DE TECNOLOGIA;;MASCULINO;1;4;4;1;3;4;4;3;4;3;5;3
2021-07-06 10:17:44.372954;BRASIL;;INSTITUTO MAUÁ DE TECNOLOGIA - IMT;FEMENINO;3;2;2;2;2;1;1;2;1;1;2;3
2021-07-06 10:19:52.344016;BRASIL;CENTRO UNIVERSITARIO DO INSTITUTO MAUA DE TECNOLOGIA;;MASCULINO;4;2;1;1;5;2;5;2;5;4;4;4
2021-07-06 10:21:42.399401;BRASIL;CENTRO UNIVERSITARIO DO INSTITUTO MAUA DE TECNOLOGIA;;MASCULINO;3;4;3;3;3;1;5;3;3;4;5;5
2021-07-06 10:24:50.132636;BRASIL;CENTRO UNIVERSITARIO DO INSTITUTO MAUA DE TECNOLOGIA;;MASCULINO;2;4;4;5;5;5;5;4;2;5;4;1
2021-07-06 10:27:36.052528;BRASIL;CENTRO UNIVERSITARIO DO INSTITUTO MAUA DE TECNOLOGIA;;MASCULINO;2;4;5;5;5;5;5;4;2;5;5;1
2021-07-06 10:52:28.282227;BRASIL;CENTRO UNIVERSITARIO DO INSTITUTO MAUA DE TECNOLOGIA;;FEMENINO;2;4;5;1;5;5;5;5;5;5;5;4
2021-07-06 10:53:51.033102;BRASIL;CENTRO UNIVERSITARIO DO INSTITUTO MAUA DE TECNOLOGIA;;MASCULINO;2;4;3;2;4;5;4;2;4;4;4;
2021-07-06 11:46:41.184225;BRASIL;CENTRO UNIVERSITARIO DO INSTITUTO MAUA DE TECNOLOGIA;;MASCULINO;2;4;2;2;3;4;2;2;3;2;4;3
2021-07-06 11:47:46.616882;BRASIL;CENTRO UNIVERSITARIO DO INSTITUTO MAUA DE TECNOLOGIA;;MASCULINO;2;5;2;3;4;4;3;3;4;2;4;3
2021-07-06 11:50:33.732883;BRASIL;CENTRO UNIVERSITARIO DO INSTITUTO MAUA DE TECNOLOGIA;;MASCULINO;1;3;3;2;4;4;5;1;3;3;3;
2021-07-06 12:08:00.037651;BRASIL;CENTRO UNIVERSITARIO DO INSTITUTO MAUA DE TECNOLOGIA;;MASCULINO;4;5;5;3;4;5;5;4;3;4;4;
2021-07-06 12:23:19.737808;BRASIL;CENTRO UNIVERSITARIO DO INSTITUTO MAUA DE TECNOLOGIA;;MASCULINO;4;5;4;4;4;5;5;2;5;4;2;3
2021-07-06 12:31:54.885333;BRASIL;;NINGUNA;FEMENINO;3;4;4;2;4;4;4;4;2;3;2;1
2021-07-06 12:41:32.733603;BRASIL;CENTRO UNIVERSITARIO DO INSTITUTO MAUA DE TECNOLOGIA;;FEMENINO;5;5;5;4;2;5;5;4;4;5;5;
2021-07-06 12:49:18.100201;BRASIL;CENTRO UNIVERSITARIO DO INSTITUTO MAUA DE TECNOLOGIA;;MASCULINO;3;4;3;3;2;4;4;4;4;3;2;3
2021-07-06 13:19:10.235552;BRASIL;CENTRO UNIVERSITARIO DO INSTITUTO MAUA DE TECNOLOGIA;;MASCULINO;5;5;3;2;3;5;5;2;4;1;2;2
2021-07-06 13:26:04.558093;BRASIL;CENTRO UNIVERSITARIO DO INSTITUTO MAUA DE TECNOLOGIA;;FEMENINO;1;4;1;1;3;4;4;1;4;4;4;
2021-07-06 14:09:15.355141;BRASIL;CENTRO UNIVERSITARIO DO INSTITUTO MAUA DE TECNOLOGIA;;FEMENINO;1;5;3;1;3;4;5;2;4;4;5;3
2021-07-06 14:18:40.528066;BRASIL;CENTRO UNIVERSITARIO DO INSTITUTO MAUA DE TECNOLOGIA;;FEMENINO;1;4;3;3;4;4;5;3;5;4;5;3
2021-07-06 16:00:13.801181;BRASIL;CENTRO UNIVERSITARIO DO INSTITUTO MAUA DE TECNOLOGIA;;MASCULINO;2;1;2;2;4;4;4;1;4;4;1;3
2021-07-06 21:24:46.159086;BRASIL;CENTRO UNIVERSITARIO DO INSTITUTO MAUA DE TECNOLOGIA;;MASCULINO;4;5;4;3;2;4;4;4;4;4;3;
2021-07-06 23:14:46.654611;BRASIL;CENTRO UNIVERSITARIO DO INSTITUTO MAUA DE TECNOLOGIA;;FEMENINO;5;4;4;4;3;2;5;2;1;3;1;3
2021-07-07 06:16:45.518085;BRASIL;CENTRO UNIVERSITARIO DO INSTITUTO MAUA DE TECNOLOGIA;;FEMENINO;2;5;5;5;4;5;4;5;5;5;3;2
2021-07-07 08:17:50.410229;BRASIL;CENTRO UNIVERSITARIO DO INSTITUTO MAUA DE TECNOLOGIA;;FEMENINO;2;5;4;2;3;5;5;5;5;2;5;4
2021-07-07 16:25:17.312965;BRASIL;CENTRO UNIVERSITARIO DO INSTITUTO MAUA DE TECNOLOGIA;;MASCULINO;3;5;5;4;4;5;5;4;4;4;4;5
2021-07-15 07:29:27.109758;BOLIVIA;UNIVERSIDAD DE SAN FRANCISCO XAVIER DE CHUQUISACA;;MASCULINO;5;5;5;4;5;5;5;4;5;5;4;4
2021-07-15 09:34:25.706227;COLOMBIA;CORPORACION UNIVERSITARIA UNITEC;;FEMENINO;5;5;5;3;4;5;5;3;5;5;4;
2021-07-20 07:01:37.116574;BRASIL;CENTRO UNIVERSITARIO DO INSTITUTO MAUA DE TECNOLOGIA;;FEMENINO;2;2;2;1;3;2;4;2;4;2;4;4
2021-07-20 07:27:08.029262;BRASIL;CENTRO UNIVERSITARIO DO INSTITUTO MAUA DE TECNOLOGIA;;FEMENINO;4;2;3;5;2;4;4;4;1;2;3;3
2021-08-31 07:57:45.115160;BRASIL;CENTRO UNIVERSITARIO DO INSTITUTO MAUA DE TECNOLOGIA;;FEMENINO;4;4;4;2;2;4;4;4;4;3;3;4
;;;;;;;;;;;;;;;;
;;;;;;;;;;;;;;;;
;;;;;;;;;;;;;;;;
;;;;;;;;;;;;;;;;
;;;;;;;;;;;;;;;;
;;;;;;;;;;;;;;;;
;;;;;;;;;;;;;;;;
;;;;;;;;;;;;;;;;
;;;;;;;;;;;;;;;;
;;;;;;;;;;;;;;;;
;;;;;;;;;;;;;;;;
;;;;;;;;;;;;;;;;
;;;;;;;;;;;;;;;;
;;;;;;;;;;;;;;;;
;;;;;;;;;;;;;;;;
;;;;;;;;;;;;;;;;
;;;;;;;;;;;;;;;;
;;;;;;;;;;;;;;;;
;;;;;;;;;;;;;;;;
;;;;;;;;;;;;;;;;
;;;;;;;;;;;;;;;;
;;;;;;;;;;;;;;;;
;;;;;;;;;;;;;;;;
;;;;;;;;;;;;;;;;
;;;;;;;;;;;;;;;;
;;;;;;;;;;;;;;;;
;;;;;;;;;;;;;;;;
;;;;;;;;;;;;;;;;
;;;;;;;;;;;;;;;;
;;;;;;;;;;;;;;;;
;;;;;;;;;;;;;;;;
;;;;;;;;;;;;;;;;
;;;;;;;;;;;;;;;;
;;;;;;;;;;;;;;;;
;;;;;;;;;;;;;;;;
;;;;;;;;;;;;;;;;
;;;;;;;;;;;;;;;;
;;;;;;;;;;;;;;;;
;;;;;;;;;;;;;;;;
;;;;;;;;;;;;;;;;
;;;;;;;;;;;;;;;;
;;;;;;;;;;;;;;;;
;;;;;;;;;;;;;;;;
;;;;;;;;;;;;;;;;
;;;;;;;;;;;;;;;;
;;;;;;;;;;;;;;;;
;;;;;;;;;;;;;;;;
;;;;;;;;;;;;;;;;
;;;;;;;;;;;;;;;;
;;;;;;;;;;;;;;;;
;;;;;;;;;;;;;;;;
;;;;;;;;;;;;;;;;
;;;;;;;;;;;;;;;;
;;;;;;;;;;;;;;;;
;;;;;;;;;;;;;;;;
;;;;;;;;;;;;;;;;
;;;;;;;;;;;;;;;;
;;;;;;;;;;;;;;;;
;;;;;;;;;;;;;;;;
;;;;;;;;;;;;;;;;
;;;;;;;;;;;;;;;;
;;;;;;;;;;;;;;;;
;;;;;;;;;;;;;;;;
;;;;;;;;;;;;;;;;
;;;;;;;;;;;;;;;;
;;;;;;;;;;;;;;;;
;;;;;;;;;;;;;;;;
;;;;;;;;;;;;;;;;
;;;;;;;;;;;;;;;;
;;;;;;;;;;;;;;;;
;;;;;;;;;;;;;;;;
;;;;;;;;;;;;;;;;
;;;;;;;;;;;;;;;;
;;;;;;;;;;;;;;;;
;;;;;;;;;;;;;;;;
;;;;;;;;;;;;;;;;
;;;;;;;;;;;;;;;;
;;;;;;;;;;;;;;;;
;;;;;;;;;;;;;;;;
;;;;;;;;;;;;;;;;
;;;;;;;;;;;;;;;;
;;;;;;;;;;;;;;;;
;;;;;;;;;;;;;;;;
;;;;;;;;;;;;;;;;
;;;;;;;;;;;;;;;;
;;;;;;;;;;;;;;;;
;;;;;;;;;;;;;;;;
;;;;;;;;;;;;;;;;
;;;;;;;;;;;;;;;;
;;;;;;;;;;;;;;;;
;;;;;;;;;;;;;;;;
;;;;;;;;;;;;;;;;
;;;;;;;;;;;;;;;;
;;;;;;;;;;;;;;;;
;;;;;;;;;;;;;;;;
;;;;;;;;;;;;;;;;
;;;;;;;;;;;;;;;;
;;;;;;;;;;;;;;;;
;;;;;;;;;;;;;;;;
;;;;;;;;;;;;;;;;
;;;;;;;;;;;;;;;;
;;;;;;;;;;;;;;;;
;;;;;;;;;;;;;;;;
;;;;;;;;;;;;;;;;
;;;;;;;;;;;;;;;;
;;;;;;;;;;;;;;;;
;;;;;;;;;;;;;;;;
;;;;;;;;;;;;;;;;
;;;;;;;;;;;;;;;;
;;;;;;;;;;;;;;;;
;;;;;;;;;;;;;;;;
;;;;;;;;;;;;;;;;
;;;;;;;;;;;;;;;;
;;;;;;;;;;;;;;;;
;;;;;;;;;;;;;;;;
;;;;;;;;;;;;;;;;
;;;;;;;;;;;;;;;;
;;;;;;;;;;;;;;;;
;;;;;;;;;;;;;;;;
;;;;;;;;;;;;;;;;
;;;;;;;;;;;;;;;;
;;;;;;;;;;;;;;;;
;;;;;;;;;;;;;;;;
;;;;;;;;;;;;;;;;
;;;;;;;;;;;;;;;;
;;;;;;;;;;;;;;;;
;;;;;;;;;;;;;;;;
;;;;;;;;;;;;;;;;
;;;;;;;;;;;;;;;;
;;;;;;;;;;;;;;;;
;;;;;;;;;;;;;;;;
;;;;;;;;;;;;;;;;
;;;;;;;;;;;;;;;;
;;;;;;;;;;;;;;;;
;;;;;;;;;;;;;;;;
;;;;;;;;;;;;;;;;
;;;;;;;;;;;;;;;;
;;;;;;;;;;;;;;;;
;;;;;;;;;;;;;;;;
;;;;;;;;;;;;;;;;
;;;;;;;;;;;;;;;;
;;;;;;;;;;;;;;;;
;;;;;;;;;;;;;;;;
;;;;;;;;;;;;;;;;
;;;;;;;;;;;;;;;;
;;;;;;;;;;;;;;;;
;;;;;;;;;;;;;;;;
;;;;;;;;;;;;;;;;
;;;;;;;;;;;;;;;;
;;;;;;;;;;;;;;;;
;;;;;;;;;;;;;;;;
;;;;;;;;;;;;;;;;
;;;;;;;;;;;;;;;;
;;;;;;;;;;;;;;;;
;;;;;;;;;;;;;;;;
;;;;;;;;;;;;;;;;
;;;;;;;;;;;;;;;;
;;;;;;;;;;;;;;;;
;;;;;;;;;;;;;;;;
;;;;;;;;;;;;;;;;
;;;;;;;;;;;;;;;;
;;;;;;;;;;;;;;;;
;;;;;;;;;;;;;;;;
;;;;;;;;;;;;;;;;
;;;;;;;;;;;;;;;;
;;;;;;;;;;;;;;;;
;;;;;;;;;;;;;;;;
;;;;;;;;;;;;;;;;
;;;;;;;;;;;;;;;;
;;;;;;;;;;;;;;;;
;;;;;;;;;;;;;;;;
;;;;;;;;;;;;;;;;
;;;;;;;;;;;;;;;;
;;;;;;;;;;;;;;;;
;;;;;;;;;;;;;;;;
;;;;;;;;;;;;;;;;
;;;;;;;;;;;;;;;;
;;;;;;;;;;;;;;;;
;;;;;;;;;;;;;;;;
;;;;;;;;;;;;;;;;
;;;;;;;;;;;;;;;;
;;;;;;;;;;;;;;;;
;;;;;;;;;;;;;;;;
;;;;;;;;;;;;;;;;
;;;;;;;;;;;;;;;;
;;;;;;;;;;;;;;;;
;;;;;;;;;;;;;;;;
;;;;;;;;;;;;;;;;
;;;;;;;;;;;;;;;;
;;;;;;;;;;;;;;;;
;;;;;;;;;;;;;;;;
;;;;;;;;;;;;;;;;
;;;;;;;;;;;;;;;;
;;;;;;;;;;;;;;;;
;;;;;;;;;;;;;;;;
;;;;;;;;;;;;;;;;
;;;;;;;;;;;;;;;;
;;;;;;;;;;;;;;;;
;;;;;;;;;;;;;;;;
;;;;;;;;;;;;;;;;
;;;;;;;;;;;;;;;;
;;;;;;;;;;;;;;;;
;;;;;;;;;;;;;;;;
;;;;;;;;;;;;;;;;
;;;;;;;;;;;;;;;;
;;;;;;;;;;;;;;;;
;;;;;;;;;;;;;;;;
;;;;;;;;;;;;;;;;
;;;;;;;;;;;;;;;;
;;;;;;;;;;;;;;;;
;;;;;;;;;;;;;;;;
;;;;;;;;;;;;;;;;
;;;;;;;;;;;;;;;;
;;;;;;;;;;;;;;;;
;;;;;;;;;;;;;;;;
;;;;;;;;;;;;;;;;
;;;;;;;;;;;;;;;;
;;;;;;;;;;;;;;;;
;;;;;;;;;;;;;;;;
;;;;;;;;;;;;;;;;
;;;;;;;;;;;;;;;;
;;;;;;;;;;;;;;;;
;;;;;;;;;;;;;;;;
;;;;;;;;;;;;;;;;
;;;;;;;;;;;;;;;;
;;;;;;;;;;;;;;;;
;;;;;;;;;;;;;;;;
;;;;;;;;;;;;;;;;
;;;;;;;;;;;;;;;;
;;;;;;;;;;;;;;;;
;;;;;;;;;;;;;;;;
;;;;;;;;;;;;;;;;
;;;;;;;;;;;;;;;;
;;;;;;;;;;;;;;;;
;;;;;;;;;;;;;;;;
;;;;;;;;;;;;;;;;
;;;;;;;;;;;;;;;;
;;;;;;;;;;;;;;;;
;;;;;;;;;;;;;;;;
;;;;;;;;;;;;;;;;
;;;;;;;;;;;;;;;;
;;;;;;;;;;;;;;;;
;;;;;;;;;;;;;;;;
;;;;;;;;;;;;;;;;
;;;;;;;;;;;;;;;;
;;;;;;;;;;;;;;;;
;;;;;;;;;;;;;;;;
;;;;;;;;;;;;;;;;
;;;;;;;;;;;;;;;;
;;;;;;;;;;;;;;;;
;;;;;;;;;;;;;;;;
;;;;;;;;;;;;;;;;
;;;;;;;;;;;;;;;;
;;;;;;;;;;;;;;;;
;;;;;;;;;;;;;;;;
;;;;;;;;;;;;;;;;
;;;;;;;;;;;;;;;;
;;;;;;;;;;;;;;;;
;;;;;;;;;;;;;;;;
;;;;;;;;;;;;;;;;
;;;;;;;;;;;;;;;;
;;;;;;;;;;;;;;;;
;;;;;;;;;;;;;;;;
;;;;;;;;;;;;;;;;
;;;;;;;;;;;;;;;;
;;;;;;;;;;;;;;;;
;;;;;;;;;;;;;;;;
;;;;;;;;;;;;;;;;
;;;;;;;;;;;;;;;;
;;;;;;;;;;;;;;;;
;;;;;;;;;;;;;;;;
;;;;;;;;;;;;;;;;
;;;;;;;;;;;;;;;;
;;;;;;;;;;;;;;;;
;;;;;;;;;;;;;;;;
;;;;;;;;;;;;;;;;
;;;;;;;;;;;;;;;;
;;;;;;;;;;;;;;;;
;;;;;;;;;;;;;;;;
;;;;;;;;;;;;;;;;
;;;;;;;;;;;;;;;;
;;;;;;;;;;;;;;;;
;;;;;;;;;;;;;;;;
;;;;;;;;;;;;;;;;
;;;;;;;;;;;;;;;;
;;;;;;;;;;;;;;;;
;;;;;;;;;;;;;;;;
;;;;;;;;;;;;;;;;
;;;;;;;;;;;;;;;;
;;;;;;;;;;;;;;;;
;;;;;;;;;;;;;;;;
;;;;;;;;;;;;;;;;
;;;;;;;;;;;;;;;;
;;;;;;;;;;;;;;;;
;;;;;;;;;;;;;;;;
;;;;;;;;;;;;;;;;
;;;;;;;;;;;;;;;;
;;;;;;;;;;;;;;;;
;;;;;;;;;;;;;;;;
;;;;;;;;;;;;;;;;
;;;;;;;;;;;;;;;;
;;;;;;;;;;;;;;;;
;;;;;;;;;;;;;;;;
;;;;;;;;;;;;;;;;
;;;;;;;;;;;;;;;;
;;;;;;;;;;;;;;;;
;;;;;;;;;;;;;;;;
;;;;;;;;;;;;;;;;
;;;;;;;;;;;;;;;;
;;;;;;;;;;;;;;;;
;;;;;;;;;;;;;;;;
;;;;;;;;;;;;;;;;
;;;;;;;;;;;;;;;;
;;;;;;;;;;;;;;;;
;;;;;;;;;;;;;;;;
;;;;;;;;;;;;;;;;
;;;;;;;;;;;;;;;;
;;;;;;;;;;;;;;;;
;;;;;;;;;;;;;;;;
;;;;;;;;;;;;;;;;
;;;;;;;;;;;;;;;;
;;;;;;;;;;;;;;;;
;;;;;;;;;;;;;;;;
;;;;;;;;;;;;;;;;
;;;;;;;;;;;;;;;;
;;;;;;;;;;;;;;;;
;;;;;;;;;;;;;;;;
;;;;;;;;;;;;;;;;
;;;;;;;;;;;;;;;;
;;;;;;;;;;;;;;;;
;;;;;;;;;;;;;;;;
;;;;;;;;;;;;;;;;
;;;;;;;;;;;;;;;;
;;;;;;;;;;;;;;;;
;;;;;;;;;;;;;;;;
;;;;;;;;;;;;;;;;
;;;;;;;;;;;;;;;;
;;;;;;;;;;;;;;;;
;;;;;;;;;;;;;;;;
;;;;;;;;;;;;;;;;
;;;;;;;;;;;;;;;;
;;;;;;;;;;;;;;;;
;;;;;;;;;;;;;;;;
;;;;;;;;;;;;;;;;
;;;;;;;;;;;;;;;;
;;;;;;;;;;;;;;;;
;;;;;;;;;;;;;;;;
;;;;;;;;;;;;;;;;
;;;;;;;;;;;;;;;;
;;;;;;;;;;;;;;;;
;;;;;;;;;;;;;;;;
;;;;;;;;;;;;;;;;
;;;;;;;;;;;;;;;;
;;;;;;;;;;;;;;;;
;;;;;;;;;;;;;;;;
;;;;;;;;;;;;;;;;
;;;;;;;;;;;;;;;;
;;;;;;;;;;;;;;;;
;;;;;;;;;;;;;;;;
;;;;;;;;;;;;;;;;
;;;;;;;;;;;;;;;;
;;;;;;;;;;;;;;;;
;;;;;;;;;;;;;;;;
;;;;;;;;;;;;;;;;
;;;;;;;;;;;;;;;;
;;;;;;;;;;;;;;;;
;;;;;;;;;;;;;;;;
;;;;;;;;;;;;;;;;
;;;;;;;;;;;;;;;;
;;;;;;;;;;;;;;;;
;;;;;;;;;;;;;;;;
;;;;;;;;;;;;;;;;
;;;;;;;;;;;;;;;;
;;;;;;;;;;;;;;;;
;;;;;;;;;;;;;;;;
;;;;;;;;;;;;;;;;
;;;;;;;;;;;;;;;;
;;;;;;;;;;;;;;;;
;;;;;;;;;;;;;;;;
;;;;;;;;;;;;;;;;
;;;;;;;;;;;;;;;;
;;;;;;;;;;;;;;;;
;;;;;;;;;;;;;;;;
;;;;;;;;;;;;;;;;
;;;;;;;;;;;;;;;;
;;;;;;;;;;;;;;;;
;;;;;;;;;;;;;;;;
;;;;;;;;;;;;;;;;
;;;;;;;;;;;;;;;;
;;;;;;;;;;;;;;;;
;;;;;;;;;;;;;;;;
;;;;;;;;;;;;;;;;
;;;;;;;;;;;;;;;;
;;;;;;;;;;;;;;;;
;;;;;;;;;;;;;;;;
;;;;;;;;;;;;;;;;
;;;;;;;;;;;;;;;;
;;;;;;;;;;;;;;;;
;;;;;;;;;;;;;;;;
;;;;;;;;;;;;;;;;
;;;;;;;;;;;;;;;;
;;;;;;;;;;;;;;;;
;;;;;;;;;;;;;;;;
;;;;;;;;;;;;;;;;
;;;;;;;;;;;;;;;;
;;;;;;;;;;;;;;;;
;;;;;;;;;;;;;;;;
;;;;;;;;;;;;;;;;
;;;;;;;;;;;;;;;;
;;;;;;;;;;;;;;;;
;;;;;;;;;;;;;;;;
;;;;;;;;;;;;;;;;
;;;;;;;;;;;;;;;;
;;;;;;;;;;;;;;;;
;;;;;;;;;;;;;;;;
;;;;;;;;;;;;;;;;
;;;;;;;;;;;;;;;;
;;;;;;;;;;;;;;;;
;;;;;;;;;;;;;;;;
;;;;;;;;;;;;;;;;
;;;;;;;;;;;;;;;;
;;;;;;;;;;;;;;;;
;;;;;;;;;;;;;;;;
;;;;;;;;;;;;;;;;
;;;;;;;;;;;;;;;;
;;;;;;;;;;;;;;;;
;;;;;;;;;;;;;;;;
;;;;;;;;;;;;;;;;
;;;;;;;;;;;;;;;;
;;;;;;;;;;;;;;;;
;;;;;;;;;;;;;;;;
;;;;;;;;;;;;;;;;
;;;;;;;;;;;;;;;;
;;;;;;;;;;;;;;;;
;;;;;;;;;;;;;;;;
;;;;;;;;;;;;;;;;
;;;;;;;;;;;;;;;;
;;;;;;;;;;;;;;;;
;;;;;;;;;;;;;;;;
;;;;;;;;;;;;;;;;
;;;;;;;;;;;;;;;;
;;;;;;;;;;;;;;;;
;;;;;;;;;;;;;;;;
;;;;;;;;;;;;;;;;
;;;;;;;;;;;;;;;;
;;;;;;;;;;;;;;;;
;;;;;;;;;;;;;;;;
;;;;;;;;;;;;;;;;
;;;;;;;;;;;;;;;;
;;;;;;;;;;;;;;;;
;;;;;;;;;;;;;;;;
;;;;;;;;;;;;;;;;
;;;;;;;;;;;;;;;;
;;;;;;;;;;;;;;;;
;;;;;;;;;;;;;;;;
;;;;;;;;;;;;;;;;
;;;;;;;;;;;;;;;;
;;;;;;;;;;;;;;;;
;;;;;;;;;;;;;;;;
;;;;;;;;;;;;;;;;
;;;;;;;;;;;;;;;;
;;;;;;;;;;;;;;;;
;;;;;;;;;;;;;;;;
;;;;;;;;;;;;;;;;
;;;;;;;;;;;;;;;;
;;;;;;;;;;;;;;;;
;;;;;;;;;;;;;;;;
;;;;;;;;;;;;;;;;
;;;;;;;;;;;;;;;;
;;;;;;;;;;;;;;;;
;;;;;;;;;;;;;;;;
;;;;;;;;;;;;;;;;
;;;;;;;;;;;;;;;;
;;;;;;;;;;;;;;;;
;;;;;;;;;;;;;;;;
;;;;;;;;;;;;;;;;
;;;;;;;;;;;;;;;;
;;;;;;;;;;;;;;;;
;;;;;;;;;;;;;;;;
;;;;;;;;;;;;;;;;
;;;;;;;;;;;;;;;;
;;;;;;;;;;;;;;;;
;;;;;;;;;;;;;;;;
;;;;;;;;;;;;;;;;
;;;;;;;;;;;;;;;;
;;;;;;;;;;;;;;;;
;;;;;;;;;;;;;;;;
;;;;;;;;;;;;;;;;
;;;;;;;;;;;;;;;;
;;;;;;;;;;;;;;;;
;;;;;;;;;;;;;;;;
;;;;;;;;;;;;;;;;
;;;;;;;;;;;;;;;;
;;;;;;;;;;;;;;;;
;;;;;;;;;;;;;;;;
;;;;;;;;;;;;;;;;
;;;;;;;;;;;;;;;;
;;;;;;;;;;;;;;;;
;;;;;;;;;;;;;;;;
;;;;;;;;;;;;;;;;
;;;;;;;;;;;;;;;;
;;;;;;;;;;;;;;;;
;;;;;;;;;;;;;;;;
;;;;;;;;;;;;;;;;
;;;;;;;;;;;;;;;;
;;;;;;;;;;;;;;;;
;;;;;;;;;;;;;;;;
;;;;;;;;;;;;;;;;
;;;;;;;;;;;;;;;;
;;;;;;;;;;;;;;;;
;;;;;;;;;;;;;;;;
;;;;;;;;;;;;;;;;
;;;;;;;;;;;;;;;;
;;;;;;;;;;;;;;;;
;;;;;;;;;;;;;;;;
;;;;;;;;;;;;;;;;
;;;;;;;;;;;;;;;;
;;;;;;;;;;;;;;;;
;;;;;;;;;;;;;;;;
;;;;;;;;;;;;;;;;
;;;;;;;;;;;;;;;;
;;;;;;;;;;;;;;;;
;;;;;;;;;;;;;;;;
;;;;;;;;;;;;;;;;
;;;;;;;;;;;;;;;;
;;;;;;;;;;;;;;;;
;;;;;;;;;;;;;;;;
;;;;;;;;;;;;;;;;
;;;;;;;;;;;;;;;;
;;;;;;;;;;;;;;;;
;;;;;;;;;;;;;;;;
;;;;;;;;;;;;;;;;
;;;;;;;;;;;;;;;;
;;;;;;;;;;;;;;;;
;;;;;;;;;;;;;;;;
;;;;;;;;;;;;;;;;
;;;;;;;;;;;;;;;;
;;;;;;;;;;;;;;;;
;;;;;;;;;;;;;;;;
;;;;;;;;;;;;;;;;
;;;;;;;;;;;;;;;;
;;;;;;;;;;;;;;;;
;;;;;;;;;;;;;;;;
;;;;;;;;;;;;;;;;
;;;;;;;;;;;;;;;;
;;;;;;;;;;;;;;;;
;;;;;;;;;;;;;;;;
;;;;;;;;;;;;;;;;
;;;;;;;;;;;;;;;;
;;;;;;;;;;;;;;;;
;;;;;;;;;;;;;;;;
;;;;;;;;;;;;;;;;
;;;;;;;;;;;;;;;;
;;;;;;;;;;;;;;;;
;;;;;;;;;;;;;;;;
;;;;;;;;;;;;;;;;
;;;;;;;;;;;;;;;;
;;;;;;;;;;;;;;;;
;;;;;;;;;;;;;;;;
;;;;;;;;;;;;;;;;
;;;;;;;;;;;;;;;;
;;;;;;;;;;;;;;;;
;;;;;;;;;;;;;;;;
;;;;;;;;;;;;;;;;
;;;;;;;;;;;;;;;;
;;;;;;;;;;;;;;;;
;;;;;;;;;;;;;;;;
;;;;;;;;;;;;;;;;
;;;;;;;;;;;;;;;;
;;;;;;;;;;;;;;;;
;;;;;;;;;;;;;;;;
;;;;;;;;;;;;;;;;
;;;;;;;;;;;;;;;;
;;;;;;;;;;;;;;;;
;;;;;;;;;;;;;;;;
;;;;;;;;;;;;;;;;
;;;;;;;;;;;;;;;;
;;;;;;;;;;;;;;;;
;;;;;;;;;;;;;;;;
;;;;;;;;;;;;;;;;
;;;;;;;;;;;;;;;;
;;;;;;;;;;;;;;;;
;;;;;;;;;;;;;;;;
;;;;;;;;;;;;;;;;
;;;;;;;;;;;;;;;;
;;;;;;;;;;;;;;;;
;;;;;;;;;;;;;;;;
;;;;;;;;;;;;;;;;
;;;;;;;;;;;;;;;;
;;;;;;;;;;;;;;;;
;;;;;;;;;;;;;;;;
;;;;;;;;;;;;;;;;
;;;;;;;;;;;;;;;;
;;;;;;;;;;;;;;;;
;;;;;;;;;;;;;;;;
;;;;;;;;;;;;;;;;
;;;;;;;;;;;;;;;;
;;;;;;;;;;;;;;;;
;;;;;;;;;;;;;;;;
;;;;;;;;;;;;;;;;
;;;;;;;;;;;;;;;;
;;;;;;;;;;;;;;;;
;;;;;;;;;;;;;;;;
;;;;;;;;;;;;;;;;
;;;;;;;;;;;;;;;;
;;;;;;;;;;;;;;;;
;;;;;;;;;;;;;;;;
;;;;;;;;;;;;;;;;
;;;;;;;;;;;;;;;;
;;;;;;;;;;;;;;;;
;;;;;;;;;;;;;;;;
;;;;;;;;;;;;;;;;
;;;;;;;;;;;;;;;;
;;;;;;;;;;;;;;;;
;;;;;;;;;;;;;;;;
;;;;;;;;;;;;;;;;
;;;;;;;;;;;;;;;;
;;;;;;;;;;;;;;;;
;;;;;;;;;;;;;;;;
;;;;;;;;;;;;;;;;
;;;;;;;;;;;;;;;;
;;;;;;;;;;;;;;;;
;;;;;;;;;;;;;;;;
;;;;;;;;;;;;;;;;
;;;;;;;;;;;;;;;;
;;;;;;;;;;;;;;;;
;;;;;;;;;;;;;;;;
;;;;;;;;;;;;;;;;
;;;;;;;;;;;;;;;;
;;;;;;;;;;;;;;;;
;;;;;;;;;;;;;;;;
;;;;;;;;;;;;;;;;
;;;;;;;;;;;;;;;;
;;;;;;;;;;;;;;;;
;;;;;;;;;;;;;;;;
;;;;;;;;;;;;;;;;
;;;;;;;;;;;;;;;;
;;;;;;;;;;;;;;;;
;;;;;;;;;;;;;;;;
;;;;;;;;;;;;;;;;
;;;;;;;;;;;;;;;;
;;;;;;;;;;;;;;;;
;;;;;;;;;;;;;;;;
;;;;;;;;;;;;;;;;
;;;;;;;;;;;;;;;;
;;;;;;;;;;;;;;;;
;;;;;;;;;;;;;;;;
;;;;;;;;;;;;;;;;
;;;;;;;;;;;;;;;;
;;;;;;;;;;;;;;;;
;;;;;;;;;;;;;;;;
;;;;;;;;;;;;;;;;
;;;;;;;;;;;;;;;;
;;;;;;;;;;;;;;;;
;;;;;;;;;;;;;;;;
;;;;;;;;;;;;;;;;
;;;;;;;;;;;;;;;;
;;;;;;;;;;;;;;;;
;;;;;;;;;;;;;;;;
;;;;;;;;;;;;;;;;
;;;;;;;;;;;;;;;;
;;;;;;;;;;;;;;;;
;;;;;;;;;;;;;;;;
;;;;;;;;;;;;;;;;
;;;;;;;;;;;;;;;;
;;;;;;;;;;;;;;;;
;;;;;;;;;;;;;;;;
;;;;;;;;;;;;;;;;
;;;;;;;;;;;;;;;;
;;;;;;;;;;;;;;;;
;;;;;;;;;;;;;;;;
;;;;;;;;;;;;;;;;
;;;;;;;;;;;;;;;;
;;;;;;;;;;;;;;;;
;;;;;;;;;;;;;;;;
;;;;;;;;;;;;;;;;
;;;;;;;;;;;;;;;;
;;;;;;;;;;;;;;;;
;;;;;;;;;;;;;;;;
;;;;;;;;;;;;;;;;
;;;;;;;;;;;;;;;;
;;;;;;;;;;;;;;;;
;;;;;;;;;;;;;;;;
;;;;;;;;;;;;;;;;
;;;;;;;;;;;;;;;;
;;;;;;;;;;;;;;;;
;;;;;;;;;;;;;;;;
;;;;;;;;;;;;;;;;
;;;;;;;;;;;;;;;;
;;;;;;;;;;;;;;;;
;;;;;;;;;;;;;;;;
;;;;;;;;;;;;;;;;
;;;;;;;;;;;;;;;;
;;;;;;;;;;;;;;;;
;;;;;;;;;;;;;;;;
;;;;;;;;;;;;;;;;
;;;;;;;;;;;;;;;;
;;;;;;;;;;;;;;;;
;;;;;;;;;;;;;;;;
;;;;;;;;;;;;;;;;
;;;;;;;;;;;;;;;;